-0.04497524,0.01091210,0.78768635,-0.00839458,0.01319788,-0.00093815,0.99987721,-0.01148252,0.11326643,0.13352425,0.20427591,-0.21116658,-0.10534121,-0.01209867,-0.00336885,-0.14647789,0.12393016,-0.15614280,0.00968342,-0.02508170,0.03878129,0.03741376,-0.04417450,0.20242654,-0.76079363,1.18102419,0.06295124,0.03167214,0.05640965,-0.06257183,-0.18240425,0.76658410,1.25239182,0.16995771,0.04376429,-0.08864740
-0.05004711,0.00977724,0.78798878,-0.00937396,0.01508023,-0.00106345,0.99984175,-0.03432360,0.11969294,0.13036104,0.22896054,-0.21332009,-0.10653403,-0.02093836,0.00102142,-0.14770749,0.12234123,-0.14725327,0.00536254,-0.02054020,0.04261564,0.04517550,-0.05528028,0.20290729,-0.75791544,1.17467368,0.05952447,0.03373896,0.05962677,-0.07226672,-0.18292500,0.77930433,1.24849820,0.16556716,0.04528472,-0.08454530
-0.05797349,0.00770066,0.78815937,-0.01064693,0.01847270,0.00085857,0.99977231,-0.07163370,0.12665881,0.11884146,0.26772290,-0.21505475,-0.10673967,-0.03641690,0.00650442,-0.15321204,0.12182904,-0.13504231,-0.00362529,-0.01710802,0.04789653,0.05641395,-0.06960054,0.20319319,-0.75006115,1.16705167,0.05762206,0.03252262,0.06459741,-0.09006230,-0.18620014,0.79715174,1.24446785,0.16000064,0.04541289,-0.07729990
-0.06660043,0.00490823,0.78826642,-0.01229933,0.02346649,0.00529360,0.99963492,-0.12445956,0.13331316,0.09784554,0.32174253,-0.21433224,-0.10610075,-0.05865667,0.01262259,-0.16413219,0.12127727,-0.11930090,-0.01533015,-0.01514831,0.05431838,0.06934118,-0.08776152,0.20417133,-0.73526919,1.15990639,0.05098978,0.02964507,0.07194692,-0.11420484,-0.19321989,0.81230694,1.23964036,0.15212475,0.04563212,-0.06818428
-0.07638157,0.00148581,0.78788328,-0.01496027,0.02857783,0.01308317,0.99939400,-0.18703020,0.13875307,0.06688025,0.38717186,-0.21232244,-0.10526695,-0.08218726,0.01977276,-0.18293849,0.12046150,-0.10397630,-0.02778275,-0.01433494,0.06299534,0.08430152,-0.10917818,0.20572408,-0.71592677,1.15214622,0.03179416,0.02443088,0.08181866,-0.13892049,-0.20429549,0.82065409,1.23102975,0.14755853,0.04549694,-0.06046198
-0.08706477,-0.00239069,0.78662539,-0.01924764,0.03315090,0.02478124,0.99895763,-0.25491348,0.14142321,0.02362790,0.45512411,-0.20913298,-0.10623362,-0.10497597,0.02844055,-0.21144533,0.11856962,-0.08991016,-0.03948095,-0.01442516,0.07587041,0.10164241,-0.13306776,0.20811154,-0.69662619,1.14064217,0.00842592,0.01679822,0.09220834,-0.16241902,-0.21862622,0.82284808,1.21937633,0.15004103,0.04298333,-0.05629215
-0.09792735,-0.00602335,0.78459126,-0.02469087,0.03673130,0.03761522,0.99831170,-0.31717387,0.14058611,-0.02685879,0.51042223,-0.20741810,-0.11349866,-0.12420063,0.03870214,-0.24331261,0.11416192,-0.07857185,-0.04873655,-0.01389838,0.09281153,0.11981571,-0.15679391,0.21111809,-0.67757434,1.12317145,-0.00721335,0.00943824,0.10391391,-0.18403494,-0.23448460,0.81890815,1.21179116,0.16095512,0.03941995,-0.05788323
-0.10862906,-0.00897893,0.78269601,-0.03142739,0.03878273,0.04814378,0.99759233,-0.36006472,0.14108536,-0.07541005,0.54438466,-0.21927439,-0.13510543,-0.14009783,0.05234079,-0.27143580,0.10721227,-0.06698852,-0.05837630,-0.01112055,0.11406332,0.13730823,-0.17373402,0.21143095,-0.65769565,1.10856080,-0.01511612,-0.00166173,0.11474104,-0.20486812,-0.25312686,0.81908226,1.21415520,0.17730062,0.03361259,-0.05788176
-0.11976628,-0.01091741,0.78110158,-0.03600614,0.03814935,0.05243411,0.99724561,-0.37695345,0.14670295,-0.09209339,0.59964830,-0.26822212,-0.15506144,-0.15035467,0.06413649,-0.28072241,0.10318191,-0.05757997,-0.06514575,-0.00297587,0.12978362,0.15014465,-0.18061982,0.20880744,-0.63693899,1.09914863,-0.02139870,-0.00370864,0.12607598,-0.22448619,-0.26839641,0.81778771,1.22363341,0.19377899,0.03517014,-0.05588901
-0.12810642,-0.01311672,0.78023380,-0.03687488,0.03603959,0.05341125,0.99724048,-0.38311997,0.15825327,-0.07511315,0.70722485,-0.31658503,-0.15598029,-0.15740329,0.06772584,-0.28081730,0.10185758,-0.04985686,-0.06698635,0.00181744,0.13472638,0.15630443,-0.18165074,0.20411840,-0.61777693,1.10067010,-0.03172317,-0.00233697,0.13126922,-0.24091817,-0.27779874,0.81257415,1.23660517,0.20149629,0.04127826,-0.05409945
-0.13609135,-0.01501277,0.77950627,-0.03610400,0.03265845,0.05298321,0.99740797,-0.37295720,0.17392157,-0.04779842,0.83526027,-0.34406567,-0.15456840,-0.16242371,0.06739898,-0.27764520,0.10229775,-0.04277630,-0.06623479,0.00136041,0.13228892,0.15657040,-0.18041067,0.20195177,-0.61034697,1.10862231,-0.03624035,0.00144063,0.12934534,-0.24907050,-0.28133619,0.80320889,1.24060285,0.20502388,0.04687230,-0.05748624
-0.14343126,-0.01649803,0.77833426,-0.03641538,0.02842610,0.05240890,0.99755663,-0.34424961,0.19817638,-0.02060318,0.95576733,-0.35204169,-0.15861832,-0.16757891,0.06909207,-0.27428913,0.10427965,-0.03536034,-0.06556625,-0.00408367,0.12895730,0.15116601,-0.17701797,0.20334075,-0.61699283,1.11790311,-0.02959254,0.00599491,0.12468824,-0.24858996,-0.28263399,0.78966367,1.23045874,0.21099874,0.04799889,-0.06512877
-0.15080643,-0.01755137,0.77649498,-0.03890502,0.02351993,0.05269077,0.99757552,-0.29897723,0.22797671,-0.00379142,1.05069828,-0.35071582,-0.16702513,-0.17153281,0.07522049,-0.27395159,0.10659190,-0.02720068,-0.06646788,-0.01372919,0.12738305,0.14165801,-0.17194524,0.20786358,-0.63467395,1.12539601,-0.01803448,0.00886348,0.12055465,-0.23926145,-0.28322268,0.77191496,1.20778203,0.22369374,0.04337104,-0.07699908
-0.15925539,-0.01794453,0.77468300,-0.04162497,0.01871466,0.05398766,0.99749810,-0.23934551,0.25127584,0.00279913,1.10249686,-0.34351248,-0.17675233,-0.17429850,0.08055649,-0.27561328,0.10774585,-0.01776176,-0.06639549,-0.02701322,0.12443478,0.12847446,-0.16596553,0.21396758,-0.65830809,1.13095284,-0.00485307,0.01064407,0.11799670,-0.22163250,-0.28269958,0.75221330,1.17821360,0.23927635,0.03484385,-0.09113096
-0.16873807,-0.01767858,0.77346259,-0.04267742,0.01493501,0.05594727,0.99740940,-0.16878968,0.26028031,0.00415407,1.10520351,-0.32672554,-0.19096935,-0.17897454,0.08033240,-0.27567977,0.10741603,-0.00617118,-0.06536526,-0.04271577,0.11727397,0.11154808,-0.15972845,0.22053145,-0.68320614,1.13288891,0.01219407,0.01343375,0.11416867,-0.19703005,-0.27956423,0.73347402,1.14804912,0.25337052,0.02555714,-0.10584293
-0.17971821,-0.01661696,0.77246618,-0.04239390,0.01284719,0.05720497,0.99737918,-0.09248241,0.25883934,0.00777758,1.06687355,-0.29686260,-0.20892629,-0.19082680,0.07594224,-0.27103010,0.10812059,0.00771360,-0.06456041,-0.05779654,0.10802210,0.09168408,-0.15473886,0.22610132,-0.70302105,1.12996817,0.03185251,0.01711871,0.10873318,-0.16938961,-0.27432632,0.72176582,1.12465525,0.26313806,0.01827201,-0.11834566
-0.19225384,-0.01484849,0.77085912,-0.04268198,0.01269447,0.05657698,0.99740469,-0.01785845,0.25667149,0.01958608,1.00435877,-0.26425639,-0.22479440,-0.21374935,0.07192760,-0.26234540,0.11238556,0.02417237,-0.06529074,-0.07022525,0.10210703,0.07104183,-0.15311915,0.22927125,-0.71640986,1.12323320,0.05063277,0.02035005,0.10284705,-0.14356726,-0.26959330,0.71989793,1.11162913,0.26657626,0.01206444,-0.12844419
-0.20676559,-0.01258502,0.76817465,-0.04392925,0.01453495,0.05487428,0.99742055,0.04384342,0.25070864,0.03072708,0.93275118,-0.23741968,-0.23666249,-0.25006616,0.06798017,-0.25424135,0.12443244,0.04194597,-0.06688111,-0.08153659,0.10060365,0.05272929,-0.15836544,0.22992352,-0.72572023,1.11473179,0.06689443,0.02228946,0.09629705,-0.12272187,-0.26722920,0.72345769,1.10784006,0.26322332,0.00605760,-0.13903491
-0.22411807,-0.01005358,0.76405346,-0.04553347,0.01765306,0.05329503,0.99738395,0.08800322,0.23665698,0.03100218,0.85835820,-0.22374074,-0.24420330,-0.30091494,0.06173676,-0.24935684,0.15262556,0.05760613,-0.06941579,-0.09282223,0.10115844,0.04008971,-0.17218314,0.22964783,-0.73219496,1.10604489,0.07780915,0.02225641,0.09026860,-0.10803807,-0.26744801,0.72810805,1.11143911,0.25505239,0.00119408,-0.15112743
-0.24518645,-0.00713813,0.75815934,-0.04554957,0.02138243,0.05213083,0.99737173,0.11471724,0.21431787,0.02383985,0.78090280,-0.22962219,-0.24402852,-0.36840576,0.04902940,-0.24439315,0.20654179,0.06590006,-0.07229006,-0.10358334,0.09915945,0.03478231,-0.19580963,0.23074029,-0.73362648,1.09807336,0.08040180,0.01899425,0.08715319,-0.10086261,-0.26869610,0.73046792,1.12211382,0.24550371,-0.00077434,-0.16341214
-0.27005541,-0.00358356,0.75050354,-0.04339233,0.02398127,0.05196180,0.99741763,0.12651412,0.19226621,0.02422114,0.70913392,-0.27560133,-0.23340888,-0.44290808,0.02957820,-0.23713718,0.26884377,0.07418158,-0.07478128,-0.11342426,0.09331592,0.03907373,-0.22984576,0.23308200,-0.72672498,1.09323812,0.07501198,0.01529086,0.08941332,-0.10115556,-0.27057251,0.72951484,1.14031053,0.23773554,-0.00028285,-0.17621796
-0.29825610,0.00053131,0.74245024,-0.04016681,0.02293614,0.05404280,0.99746674,0.11942139,0.17924643,0.03802140,0.68383682,-0.37628084,-0.20195583,-0.50014758,0.00651892,-0.23169477,0.30770853,0.09164276,-0.07488569,-0.12194986,0.08626363,0.05683175,-0.27269390,0.23432307,-0.70654732,1.09616625,0.06478077,0.01079203,0.10148695,-0.10840113,-0.27098188,0.72063553,1.16449916,0.23831968,0.00302075,-0.18978943
-0.32750899,0.00495850,0.73590225,-0.03346519,0.01794523,0.05859196,0.99755955,0.09998807,0.15838929,0.05600952,0.68682092,-0.47646257,-0.16628930,-0.52969813,-0.02353374,-0.22603722,0.30108130,0.12035421,-0.06266204,-0.13308376,0.07241930,0.08387347,-0.31631142,0.23235625,-0.68471670,1.10758471,0.04163391,0.00748706,0.12046713,-0.11049354,-0.26920721,0.69931287,1.19589329,0.24506755,0.00728713,-0.19939472
-0.35613975,0.01040262,0.73159134,-0.01884501,0.00939150,0.06349843,0.99775976,0.08590776,0.11829814,0.07938832,0.68463731,-0.53458130,-0.14179394,-0.52654099,-0.06348470,-0.20430085,0.24723132,0.12848313,-0.03287442,-0.14044686,0.04264280,0.11344036,-0.35714790,0.22467421,-0.66206163,1.11772430,0.01939323,0.00465170,0.14250998,-0.10418659,-0.26139826,0.66683888,1.23371577,0.26399428,0.01481041,-0.20564641
-0.38364404,0.01590004,0.72963548,0.00017603,-0.00083102,0.06747220,0.99772078,0.08371594,0.06633422,0.10411407,0.66612130,-0.56265867,-0.11634228,-0.50811726,-0.10866577,-0.17990559,0.17129195,0.11858693,-0.00125766,-0.14496718,0.00520822,0.13987796,-0.37853870,0.21766417,-0.64253622,1.12289286,-0.00262911,0.00213635,0.15704243,-0.08627959,-0.25163373,0.63817596,1.25835407,0.29384902,0.02068688,-0.19991462
-0.40920258,0.02126830,0.72956765,0.02114940,-0.01234366,0.06975786,0.99726331,0.09610409,0.00823964,0.13048942,0.62345225,-0.56743258,-0.09006003,-0.49542576,-0.16186236,-0.15896748,0.12716521,0.05625147,0.03121181,-0.14624007,-0.03591524,0.16225228,-0.38562039,0.21075964,-0.63046259,1.12166119,-0.01600478,-0.00383205,0.16399761,-0.06203844,-0.24023393,0.61527151,1.27111554,0.33111939,0.02181792,-0.18913759
-0.43304482,0.02601663,0.73128635,0.04019839,-0.02357359,0.06981844,0.99647069,0.11860812,-0.04710558,0.15142199,0.55815709,-0.55151284,-0.06541302,-0.48179722,-0.21776235,-0.16114157,0.11649483,-0.00367106,0.07632644,-0.14450130,-0.07437603,0.17765665,-0.37492532,0.20725328,-0.63295555,1.11782336,-0.02694837,-0.01070517,0.16301376,-0.03543954,-0.22775753,0.59845299,1.27787900,0.37118083,0.02187306,-0.17367831
-0.45655218,0.02960743,0.73582268,0.05398722,-0.02861737,0.06538273,0.99598771,0.12079345,-0.09122577,0.17009470,0.50093555,-0.50859153,-0.04231456,-0.47431713,-0.26307759,-0.18103315,0.13661756,-0.01268711,0.11048540,-0.13682774,-0.10278768,0.18205315,-0.35530743,0.20768175,-0.64386564,1.11332893,-0.02724437,-0.01444675,0.15861829,-0.01685654,-0.21562815,0.59012324,1.28159702,0.39887130,0.02068783,-0.15308881
-0.48016614,0.03234787,0.74325973,0.05681526,-0.02905742,0.05556948,0.99641347,0.11339806,-0.10930117,0.19038098,0.43689999,-0.45399278,-0.02536705,-0.48995638,-0.28109825,-0.19255158,0.23676212,-0.01436025,0.10677211,-0.12434541,-0.10934067,0.17726140,-0.32077157,0.20991577,-0.65558797,1.11576366,-0.02535918,-0.01258182,0.14762574,-0.00707453,-0.20354086,0.59333855,1.29308677,0.41323832,0.02590974,-0.13042201
-0.50332391,0.03388844,0.75131506,0.05368836,-0.02859500,0.04614083,0.99708122,0.10680275,-0.11277874,0.20531662,0.36778438,-0.39434892,-0.01422024,-0.52226198,-0.28459010,-0.17921406,0.41346264,-0.03932663,0.09131578,-0.11529476,-0.10455995,0.16809274,-0.27650058,0.21010189,-0.66909897,1.13176799,-0.02729045,-0.00591995,0.13445833,-0.00484452,-0.19239463,0.60148060,1.31018853,0.41055632,0.03686734,-0.10750672
-0.52487338,0.03447539,0.75839865,0.04880132,-0.02838819,0.03973136,0.99761420,0.09656224,-0.10997339,0.21184999,0.31003869,-0.33623552,-0.00657703,-0.54724985,-0.28677288,-0.16331138,0.61407459,-0.08021826,0.07083707,-0.11152279,-0.09749079,0.15681727,-0.22621179,0.21190102,-0.68908358,1.15499485,-0.02718139,0.00368882,0.11826770,-0.00449980,-0.18203899,0.60609043,1.32003844,0.39376894,0.04729106,-0.09103873
-0.54568881,0.03468362,0.76395184,0.04478282,-0.02823848,0.03553994,0.99796492,0.07881144,-0.10541237,0.21439260,0.27153400,-0.28647771,0.00143014,-0.55261552,-0.29882866,-0.15762416,0.80269682,-0.13366191,0.03609629,-0.10922896,-0.09312546,0.14445652,-0.17428124,0.21987535,-0.72019070,1.17937756,-0.01713408,0.01376959,0.09948075,-0.00383024,-0.17443749,0.60576487,1.31662750,0.37391385,0.04975459,-0.08645552
-0.56587052,0.03482537,0.76750815,0.04402585,-0.02764722,0.03213905,0.99813044,0.05527084,-0.10542766,0.22052632,0.24739723,-0.24347134,0.01272010,-0.53539634,-0.33228517,-0.17033912,0.96694064,-0.19174999,-0.00878591,-0.10480881,-0.09536368,0.13083942,-0.12262091,0.23439209,-0.76053119,1.20311499,0.00739370,0.02210314,0.08187298,-0.00387413,-0.17039678,0.60407740,1.30185926,0.35831973,0.04591763,-0.09304578
-0.58503085,0.03495840,0.76916248,0.04711388,-0.02708306,0.02911858,0.99809766,0.03110955,-0.11327856,0.23165531,0.22928001,-0.20357567,0.02435312,-0.49639976,-0.37099400,-0.17903389,1.09746873,-0.25259927,-0.03609617,-0.09694012,-0.10431231,0.11684750,-0.07097186,0.25204244,-0.79876220,1.22597075,0.04017460,0.02896237,0.07061024,-0.00523062,-0.16981600,0.60385746,1.28209472,0.34758222,0.04115869,-0.10464729
-0.60373622,0.03502113,0.76974899,0.05152747,-0.02734968,0.02584446,0.99796236,0.01061595,-0.12411195,0.24391802,0.21259588,-0.16686122,0.03336684,-0.43587643,-0.38349321,-0.16351050,1.17947316,-0.30123854,-0.02063140,-0.08439168,-0.11459067,0.10391276,-0.02146238,0.26869738,-0.82001901,1.25024581,0.07159853,0.03566550,0.06666623,-0.00833031,-0.17120029,0.60885519,1.26369846,0.33641076,0.03912586,-0.11447769
-0.62187541,0.03480580,0.76995689,0.05489156,-0.02807543,0.02287735,0.99783528,-0.00600692,-0.13309440,0.25300568,0.19324332,-0.13188504,0.03927689,-0.35187146,-0.36860269,-0.13676102,1.21141446,-0.32915685,0.02633585,-0.06749693,-0.12178802,0.09096109,0.02598286,0.28283185,-0.82064867,1.27423847,0.09653009,0.04426907,0.06681318,-0.01253242,-0.17304671,0.62294233,1.24828637,0.31801319,0.04059174,-0.11702184
-0.63975573,0.03409590,0.76975948,0.05681220,-0.02850572,0.02107649,0.99775523,-0.02415656,-0.13839620,0.25814080,0.17506109,-0.09805184,0.04263398,-0.24814893,-0.33548874,-0.10647370,1.20048130,-0.33850843,0.08608150,-0.04714070,-0.12499324,0.07642637,0.07167108,0.29511046,-0.80298543,1.29113305,0.11107544,0.05339926,0.06827698,-0.01688821,-0.17534238,0.64457077,1.23326373,0.28821746,0.04357860,-0.11142122
-0.65817225,0.03279279,0.76901954,0.05726621,-0.02763296,0.02054075,0.99776506,-0.05033746,-0.13904864,0.26002777,0.16444270,-0.06774407,0.04514942,-0.13454735,-0.29130161,-0.07361270,1.15311289,-0.33520496,0.14646116,-0.02493355,-0.12414122,0.06017356,0.11262559,0.30646369,-0.77340937,1.29416895,0.11330828,0.05820138,0.07144066,-0.02194916,-0.17876160,0.66937250,1.21757972,0.25375870,0.04504906,-0.10019702
-0.67906171,0.03090907,0.76758826,0.05647047,-0.02494992,0.02066360,0.99787855,-0.08746041,-0.13462503,0.26095116,0.16368918,-0.04068583,0.04850972,-0.02436872,-0.24416216,-0.03979348,1.07798994,-0.32027930,0.19720322,-0.00313452,-0.12008785,0.04423333,0.14626817,0.31669897,-0.73935854,1.28228354,0.10787196,0.05581665,0.07590465,-0.03044334,-0.18381979,0.69032091,1.20210350,0.22337735,0.04501701,-0.08765971
-0.70185810,0.02820575,0.76538038,0.05472346,-0.02002940,0.02094145,0.99808097,-0.13720900,-0.12563089,0.26267347,0.17078042,-0.01310696,0.05462477,0.07305102,-0.19514044,-0.00406147,0.97995430,-0.29544434,0.23209395,0.01776776,-0.11424132,0.03003692,0.16901277,0.32439423,-0.70684516,1.26197076,0.09844726,0.04820620,0.08020519,-0.04714949,-0.19023715,0.70273548,1.18827510,0.20074481,0.04556886,-0.07663418
-0.72757030,0.02458707,0.76234418,0.05137709,-0.01236778,0.02068939,0.99838841,-0.19964050,-0.11033976,0.26675558,0.18126070,0.01910332,0.06255365,0.14547154,-0.15510635,0.01733068,0.86569226,-0.27198574,0.24110578,0.03683632,-0.10556458,0.01894776,0.17740801,0.32763299,-0.67974728,1.24392486,0.08964749,0.04036415,0.08273359,-0.07574131,-0.19636136,0.70782912,1.17872632,0.18450545,0.04797789,-0.06801564
-0.75764549,0.02014028,0.75820589,0.04570730,-0.00252031,0.01878834,0.99877501,-0.26616901,-0.08798780,0.27246690,0.18109383,0.06297645,0.06732646,0.18469788,-0.13219862,0.00704676,0.73773342,-0.28885350,0.21914269,0.05482788,-0.09179039,0.01533565,0.16933788,0.32599738,-0.65702277,1.23476791,0.08838402,0.03520528,0.08333690,-0.11827592,-0.20263012,0.71109027,1.17253256,0.17029986,0.05002223,-0.06388305
-0.79123151,0.01462890,0.75375807,0.03458693,0.00740001,0.01376737,0.99927950,-0.32910877,-0.05143784,0.27608150,0.16559218,0.11436586,0.05793316,0.19954507,-0.10792395,-0.02962935,0.60023206,-0.37412488,0.16347677,0.07169292,-0.06644309,0.02124601,0.14562047,0.31963032,-0.63353074,1.23250461,0.09185686,0.03549811,0.08534412,-0.17801918,-0.20874269,0.71466905,1.17034113,0.15835276,0.05265380,-0.06611679
-0.82656401,0.00842092,0.74990636,0.01319744,0.01426215,0.00525298,0.99979740,-0.38280234,0.01247354,0.26480016,0.14266692,0.15509595,0.01601522,0.19716050,-0.05355114,-0.06622602,0.47635859,-0.44177124,0.11068191,0.08696345,-0.01907314,0.03832714,0.11479750,0.30701050,-0.60337055,1.23314679,0.09691832,0.03921800,0.09230626,-0.24326205,-0.21601844,0.71795261,1.17571402,0.14843476,0.05415344,-0.07031552
-0.86149776,0.00248428,0.74812448,-0.01203566,0.01553220,-0.00549512,0.99979180,-0.42584133,0.08758251,0.25434795,0.12548058,0.14816794,-0.03216922,0.17970634,0.01285706,-0.07715388,0.39117637,-0.45175990,0.07349795,0.10007609,0.03810089,0.07058723,0.08416163,0.28984711,-0.57676464,1.22722828,0.10163806,0.04761698,0.10310821,-0.31533867,-0.22704609,0.73083532,1.18166351,0.14952894,0.04701680,-0.07536517
-0.89475882,-0.00222229,0.74717557,-0.02911082,0.01135346,-0.01624682,0.99937963,-0.45300648,0.14108914,0.24285136,0.10684493,0.07851962,-0.06857949,0.15211020,0.06143723,-0.07435393,0.35748670,-0.45166329,0.04466333,0.10822699,0.07925697,0.10909150,0.05912491,0.27527782,-0.55621433,1.20784545,0.09947849,0.04958230,0.11490904,-0.37480339,-0.24084479,0.74806410,1.18155575,0.15699792,0.04188076,-0.07886553
-0.92590642,-0.00541362,0.74739653,-0.03994672,0.00257722,-0.02400235,0.99891013,-0.45830953,0.17988205,0.23788375,0.10268133,-0.01022892,-0.10886261,0.13105412,0.09504889,-0.07347059,0.34644309,-0.44540936,0.01905366,0.10942922,0.10679650,0.14754218,0.04509622,0.26524195,-0.55177814,1.17952347,0.10007380,0.04904396,0.12271279,-0.41043058,-0.25450295,0.76049775,1.17911553,0.17410259,0.03581901,-0.08836863
-0.95500761,-0.00763819,0.75173002,-0.04090586,-0.00076285,-0.02052739,0.99895185,-0.44845527,0.19287229,0.26704612,0.10442223,-0.00683551,-0.12973464,0.08791209,0.10210595,-0.08928967,0.35717884,-0.41933861,0.00425667,0.09451512,0.11197136,0.17189205,0.02852094,0.26026589,-0.56721389,1.15083599,0.10318580,0.04012445,0.12780015,-0.42181325,-0.26389286,0.74056661,1.17516232,0.20315602,0.03033739,-0.10542679
-0.98420566,-0.00941941,0.75871241,-0.03157366,-0.00056477,-0.00658839,0.99947953,-0.47144508,0.18373483,0.28157428,0.21763954,0.01241647,-0.12088391,0.04416566,0.08266205,-0.11127381,0.36000967,-0.38698909,0.00057768,0.07282359,0.09215155,0.18357895,0.00574952,0.26285160,-0.60058296,1.12972283,0.10224999,0.03310610,0.12523651,-0.40946081,-0.26480058,0.69164026,1.18257499,0.23766263,0.03302196,-0.12886071
-1.01219082,-0.01051283,0.76570714,-0.02618865,-0.00182879,0.00458756,0.99964476,-0.49659267,0.19009578,0.26821744,0.38977709,-0.02743884,-0.12422121,0.02149498,0.07084627,-0.12484206,0.32944852,-0.33813190,-0.00333826,0.05799266,0.07887410,0.19024932,-0.01398141,0.26746035,-0.62318766,1.11433303,0.10021886,0.03090405,0.12161217,-0.38059315,-0.25984830,0.65096295,1.19922435,0.26793376,0.03969243,-0.14447336
-1.03824461,-0.01075221,0.77159381,-0.02210793,-0.00295273,0.01106407,0.99969000,-0.49127051,0.19891529,0.25079039,0.53081733,-0.07996169,-0.13893542,0.00415008,0.06116499,-0.12981734,0.28574663,-0.28479022,-0.00428219,0.04948021,0.06943009,0.19179612,-0.03072766,0.27009675,-0.62580431,1.10218382,0.09353331,0.03054936,0.12505047,-0.34447247,-0.25738028,0.63255769,1.21674728,0.27699128,0.04566441,-0.13975047
-1.06240094,-0.01052603,0.77550775,-0.02004961,-0.00358733,0.01349569,0.99970144,-0.46991336,0.20636444,0.21889438,0.65460193,-0.12925401,-0.15970545,-0.01288132,0.05595841,-0.12933356,0.24156900,-0.23514698,-0.00299571,0.04283094,0.06510859,0.18779647,-0.04297272,0.26898250,-0.61487949,1.09219384,0.07861572,0.02854322,0.13564070,-0.30620027,-0.25966394,0.63845807,1.23135900,0.26837286,0.05286862,-0.12242152
-1.08552396,-0.00989424,0.77698588,-0.02094864,-0.00541334,0.01339691,0.99967617,-0.43485075,0.21915326,0.18516365,0.77791774,-0.18195058,-0.17635036,-0.03065929,0.05741307,-0.12667610,0.20865004,-0.19380684,-0.00129374,0.03483989,0.06796444,0.18075372,-0.05130936,0.26501760,-0.60216099,1.08180296,0.06304637,0.02542255,0.14951785,-0.26567248,-0.26651636,0.66151589,1.24202538,0.25303534,0.05981374,-0.10313968
-1.10895455,-0.00865714,0.77623278,-0.02389510,-0.00861686,0.01171624,0.99960870,-0.38299605,0.24564034,0.16798474,0.90393424,-0.24126437,-0.17747724,-0.05496031,0.06261368,-0.12274625,0.20016667,-0.16461729,-0.00151150,0.02476537,0.07595406,0.17060933,-0.05684983,0.25950667,-0.59624797,1.07156384,0.05340648,0.02199803,0.16215676,-0.22235557,-0.27660176,0.69206244,1.25099492,0.24096183,0.06543800,-0.08603079
-1.13296580,-0.00689246,0.77419388,-0.02713600,-0.01131626,0.01038296,0.99951380,-0.31223676,0.28896803,0.17872605,1.01595950,-0.28883961,-0.16257218,-0.08959223,0.06679045,-0.12055504,0.21377960,-0.14431268,-0.00395284,0.01056320,0.08438574,0.15587889,-0.06115664,0.25331110,-0.59978479,1.06493330,0.05478593,0.02026459,0.16914564,-0.17696455,-0.28721336,0.71772224,1.26253605,0.24058399,0.06717575,-0.07485207
-1.15615451,-0.00494314,0.77207267,-0.03006770,-0.01203093,0.01130016,0.99941158,-0.22401613,0.33341730,0.20050296,1.08653033,-0.31776616,-0.15342797,-0.12667850,0.06817864,-0.12295891,0.22462651,-0.12112290,-0.00355887,-0.00953520,0.09036274,0.13643835,-0.06362862,0.24810602,-0.61414796,1.06479096,0.06297559,0.02145839,0.16757488,-0.12904932,-0.29683653,0.72705364,1.27576816,0.24885529,0.06658020,-0.07082327
-1.17758119,-0.00279952,0.77048957,-0.03179653,-0.01096219,0.01527857,0.99931747,-0.12756205,0.35479730,0.20623484,1.10462022,-0.32284212,-0.16333450,-0.15846792,0.06468692,-0.12748422,0.21555437,-0.08748782,0.00199439,-0.03566829,0.09176629,0.11306626,-0.06295837,0.24496393,-0.63748771,1.06737077,0.07528512,0.02607052,0.15480265,-0.07715122,-0.30295512,0.71196795,1.28501678,0.26073039,0.06860456,-0.07097818
-1.20053780,-0.00017235,0.76915187,-0.03134709,-0.00787470,0.02171113,0.99924171,-0.03192474,0.34994727,0.19569995,1.07646620,-0.30368647,-0.18235706,-0.19001457,0.05438247,-0.13101508,0.19477446,-0.04749692,0.00962295,-0.06604604,0.08685445,0.08553425,-0.06004200,0.24432871,-0.66421819,1.07081819,0.08912989,0.03342217,0.13212666,-0.02340107,-0.30339015,0.67226988,1.28796363,0.27608594,0.07319412,-0.07244367
-1.22696435,0.00285730,0.76752913,-0.02894063,-0.00292913,0.02932349,0.99914664,0.05566365,0.32005486,0.16700567,1.00628185,-0.26520962,-0.20812695,-0.22765295,0.03812256,-0.13144732,0.17235813,-0.00390121,0.01746067,-0.09806035,0.07623219,0.05735093,-0.05948099,0.24686296,-0.68996704,1.07218778,0.10052007,0.04031150,0.10464445,0.02804525,-0.29874927,0.62068027,1.28414094,0.29559195,0.07451342,-0.07446415
-1.25705111,0.00622314,0.76474333,-0.02588399,0.00343774,0.03763457,0.99895036,0.13067253,0.27807572,0.12738229,0.90092540,-0.22580646,-0.23407289,-0.27406424,0.01769639,-0.13082375,0.15197986,0.04216368,0.02699592,-0.12867065,0.06348749,0.03474982,-0.06710944,0.25196958,-0.71152967,1.06908584,0.10273281,0.04431081,0.07838715,0.07201055,-0.29168245,0.57230014,1.27581525,0.31741944,0.06871537,-0.07775262
-1.28972626,0.01012759,0.76019758,-0.02068297,0.01039548,0.04662774,0.99864411,0.18928559,0.23062071,0.09010627,0.77088821,-0.19827114,-0.24647476,-0.33285457,-0.01148346,-0.13310456,0.14172594,0.08617010,0.04749120,-0.15605614,0.04657115,0.02347391,-0.08820601,0.25791740,-0.72249311,1.06203508,0.09498321,0.04204567,0.06333783,0.10396709,-0.28447613,0.53230470,1.26640129,0.32839072,0.06138301,-0.08486581
-1.32463217,0.01497217,0.75409055,-0.01087885,0.01669027,0.05614377,0.99822396,0.23260768,0.18259606,0.08348218,0.61779505,-0.20152377,-0.24558267,-0.39875129,-0.05293119,-0.12743841,0.14744778,0.11718323,0.07642083,-0.17784333,0.02181906,0.02522070,-0.12671509,0.26303756,-0.72613531,1.05446339,0.07703869,0.03421324,0.06142749,0.12234003,-0.28089061,0.50480849,1.25711823,0.33205357,0.05523940,-0.09005746
-1.36169648,0.02116699,0.74753386,0.00235873,0.01961419,0.06551065,0.99765629,0.26311514,0.13519232,0.10124061,0.46691021,-0.26733282,-0.23535271,-0.45935124,-0.10202092,-0.11356913,0.15228626,0.12788719,0.11088921,-0.19176640,-0.00833949,0.04170398,-0.17799798,0.26468867,-0.72260439,1.05464768,0.05773235,0.02619839,0.06854769,0.12698635,-0.27537736,0.48569605,1.25404429,0.33387634,0.05367820,-0.09569018
-1.39912057,0.02735097,0.74121773,0.02066706,0.01602729,0.07390045,0.99692267,0.28016642,0.07943815,0.13124050,0.35700682,-0.35568258,-0.20862439,-0.48990351,-0.15859365,-0.09717697,0.11873874,0.10238834,0.14399013,-0.19909327,-0.04893276,0.07371981,-0.23553348,0.26629013,-0.72439224,1.06198573,0.04021040,0.01886220,0.07665684,0.12757339,-0.26863122,0.46993247,1.25249434,0.32400274,0.05350355,-0.09779780
-1.43539453,0.03316274,0.73591596,0.04510938,0.00794717,0.08181127,0.99559480,0.29256070,0.01094967,0.15597752,0.26883528,-0.40548867,-0.17452984,-0.51851940,-0.22790238,-0.07359671,0.10261909,0.02966398,0.15659349,-0.20390496,-0.10178991,0.11323427,-0.28902170,0.26930162,-0.72545737,1.08045757,0.02705695,0.01412263,0.08595382,0.12871969,-0.25728396,0.46575582,1.25214469,0.31431124,0.05612484,-0.10042690
-1.47022116,0.03797507,0.73231226,0.07174994,-0.00266575,0.08630528,0.99367815,0.30306169,-0.06203574,0.17595270,0.19609791,-0.41601890,-0.13516060,-0.53691524,-0.29763150,-0.04079946,0.09635210,-0.04136244,0.19128001,-0.20351297,-0.15956968,0.15210904,-0.33388892,0.27172288,-0.72396040,1.10593843,0.01304282,0.01443069,0.09989396,0.12202893,-0.24121667,0.48266387,1.25536323,0.30651432,0.06150656,-0.09768792
-1.50341094,0.04161681,0.73219711,0.08622608,-0.00978021,0.08238811,0.99281502,0.28923216,-0.11066151,0.19030122,0.16639464,-0.40969482,-0.10766400,-0.53892499,-0.32601681,-0.01255807,0.09419818,-0.04211562,0.22063130,-0.19287241,-0.19253972,0.17921366,-0.35713494,0.27355251,-0.71767992,1.13323617,-0.01078617,0.01518842,0.11143247,0.10592505,-0.22315316,0.52381867,1.26636887,0.30296382,0.07023850,-0.07765790
-1.53375697,0.04451124,0.73829782,0.08818399,-0.01049194,0.06902673,0.99365425,0.24588579,-0.13013388,0.21475446,0.16963309,-0.37528470,-0.09201727,-0.52855486,-0.31714490,-0.01344945,0.10038307,-0.00176130,0.22863288,-0.16983981,-0.19949278,0.19143486,-0.35214120,0.27404052,-0.70160562,1.15331793,-0.02952488,0.01948801,0.12798992,0.07414839,-0.20128444,0.58746117,1.28283679,0.27259639,0.07646074,-0.03654620
-1.56178570,0.04663147,0.74769175,0.07626639,-0.00777894,0.05086149,0.99575901,0.19886452,-0.11734258,0.24142115,0.16179319,-0.33109576,-0.08391963,-0.52020377,-0.27461466,-0.04130093,0.16959122,0.01166553,0.20722407,-0.14027931,-0.17691344,0.19225702,-0.32081184,0.27300161,-0.67742622,1.16637707,-0.04305541,0.02424727,0.14037763,0.03749987,-0.17921141,0.65786839,1.29737473,0.21654345,0.08115303,0.01150978
-1.58891773,0.04762554,0.75687420,0.06289962,-0.00558905,0.03619948,0.99734747,0.16187267,-0.09762717,0.25881845,0.14159267,-0.28332245,-0.07496628,-0.53080928,-0.24213174,-0.06978962,0.34053180,-0.03775554,0.17760025,-0.11736818,-0.15115008,0.18754238,-0.27168494,0.27231374,-0.65969276,1.17064202,-0.04773253,0.02387633,0.14631177,0.00331968,-0.16326490,0.71115136,1.29053199,0.16007710,0.07603732,0.04007729
-1.61384940,0.04760218,0.76437265,0.05222581,-0.00453289,0.02697547,0.99826062,0.12899145,-0.07855975,0.26729780,0.12582211,-0.24108876,-0.06634249,-0.52254409,-0.22959314,-0.10870551,0.51415521,-0.09621938,0.16325289,-0.10307192,-0.13250363,0.17982693,-0.21395731,0.27702031,-0.65651083,1.16796589,-0.03692542,0.02090178,0.14261554,-0.02443565,-0.15367219,0.73566067,1.26424074,0.12818578,0.06492490,0.02983827
-1.63679135,0.04717419,0.76967132,0.04683711,-0.00319834,0.02082606,0.99868029,0.09313571,-0.06725066,0.27271408,0.11780215,-0.20432937,-0.05481988,-0.50293505,-0.24234910,-0.14777593,0.68925476,-0.16143525,0.14278075,-0.09099485,-0.12462910,0.16893457,-0.15477820,0.28731349,-0.66858888,1.16429925,-0.01562660,0.01849735,0.13649240,-0.04721249,-0.15096989,0.74141836,1.22995150,0.11926178,0.05193537,-0.00412932
-1.65871143,0.04701845,0.77235186,0.04679125,-0.00157232,0.01578917,0.99877864,0.05618960,-0.06583955,0.28079748,0.11397482,-0.17293113,-0.04077170,-0.46921462,-0.27786547,-0.18528008,0.85781550,-0.23145442,0.11127546,-0.07617524,-0.12608637,0.15650532,-0.09634433,0.30023316,-0.68990242,1.16447794,0.01491698,0.01801069,0.12963808,-0.06783722,-0.15569352,0.74028850,1.19502616,0.11728373,0.04182441,-0.03740898
-1.68093693,0.04706833,0.77274799,0.05086636,0.00007976,0.01178342,0.99863595,0.01967132,-0.07307592,0.29109433,0.11235342,-0.14425115,-0.02553043,-0.41944766,-0.31336969,-0.19846483,1.00124645,-0.29798418,0.08543612,-0.05812752,-0.13371566,0.14292011,-0.04023454,0.31186861,-0.71262854,1.16995203,0.05077917,0.02010517,0.12000890,-0.08732696,-0.16632773,0.73752213,1.16357517,0.12060079,0.03622315,-0.05970591
-1.70343196,0.04659392,0.77164817,0.05755340,0.00127092,0.00982342,0.99829328,-0.01532488,-0.08663812,0.29854083,0.11161250,-0.11464418,-0.00869689,-0.35129920,-0.32364571,-0.17050977,1.09643912,-0.34352189,0.09238072,-0.03815554,-0.14386779,0.13000348,0.01103297,0.31944433,-0.72827256,1.17961216,0.08320466,0.02480893,0.10762002,-0.10342729,-0.18045990,0.73492181,1.13833904,0.12759246,0.03225158,-0.07289384
-1.72435045,0.04506488,0.76996249,0.06333832,0.00176588,0.01001396,0.99794030,-0.04925388,-0.09847134,0.29983920,0.11210680,-0.08391950,0.00689967,-0.25884590,-0.30564967,-0.12217944,1.13203824,-0.36282638,0.12693004,-0.01687739,-0.14946826,0.11814277,0.05549942,0.32167938,-0.73422164,1.19389451,0.10879263,0.03124957,0.09517856,-0.11459057,-0.19551837,0.73210883,1.11979604,0.13205133,0.02931960,-0.07966875
-1.74381351,0.04237546,0.76819956,0.06585182,0.00262638,0.01170438,0.99775732,-0.08706830,-0.10197386,0.29517865,0.11674609,-0.05347841,0.01773210,-0.15052243,-0.27062461,-0.07578946,1.11237001,-0.36110926,0.16540302,0.00400974,-0.14621612,0.10522864,0.09209601,0.31881255,-0.72925884,1.21101630,0.12855875,0.03918406,0.08634914,-0.12144319,-0.20938289,0.72405481,1.10668635,0.13203211,0.02816568,-0.08039844
-1.76423883,0.03849803,0.76644409,0.06500691,0.00618226,0.01418468,0.99776483,-0.13732964,-0.09532481,0.28754669,0.13025174,-0.02410207,0.02449597,-0.04456871,-0.23356774,-0.04583094,1.04648852,-0.34506810,0.18902898,0.02340020,-0.13541043,0.08956287,0.12022524,0.31264350,-0.71124786,1.22667372,0.14409953,0.04629792,0.08532821,-0.12747861,-0.22034590,0.70776373,1.09965694,0.13297087,0.03027785,-0.07559328
-1.78861344,0.03331372,0.76432145,0.06091253,0.01405747,0.01644787,0.99790853,-0.20802420,-0.07711206,0.28175703,0.15817957,0.00224133,0.02980230,0.04534275,-0.20325042,-0.04018927,0.93501341,-0.32069188,0.18802546,0.04168569,-0.11905647,0.07142162,0.13826288,0.30520028,-0.68341821,1.23623610,0.14726482,0.04762558,0.08808243,-0.13756411,-0.22675961,0.68309474,1.09832323,0.13524480,0.03466264,-0.06545313
-1.81843519,0.02702631,0.76121664,0.05250800,0.02598060,0.01494979,0.99817055,-0.29575562,-0.04302382,0.27982718,0.19353130,0.03112914,0.03187371,0.11207991,-0.17339601,-0.05547178,0.76694643,-0.30740857,0.15738121,0.06241976,-0.09540837,0.05618800,0.14351499,0.29675278,-0.65305710,1.23872054,0.14241289,0.04461978,0.08887850,-0.15594326,-0.23025517,0.65772927,1.09736967,0.13957566,0.03750677,-0.05266912
-1.85198176,0.01981902,0.75694102,0.04240083,0.03832131,0.00847863,0.99832952,-0.37154374,-0.00182654,0.27889907,0.20017616,0.06847078,0.01668084,0.15755765,-0.13694485,-0.07949593,0.55998564,-0.37457669,0.13314521,0.08191781,-0.06976406,0.04991798,0.13375086,0.28706399,-0.62292904,1.23619747,0.12808421,0.03956589,0.09095699,-0.18745045,-0.22948818,0.64347440,1.10026765,0.14465480,0.04020130,-0.04355366
-1.88622820,0.01267494,0.75404441,0.02662346,0.04572133,-0.00050595,0.99859929,-0.42576146,0.05094496,0.27724877,0.18319383,0.08324853,-0.00704976,0.16998492,-0.08184031,-0.09104376,0.40928859,-0.43170807,0.10603207,0.09654192,-0.03377131,0.05985863,0.11805758,0.27486351,-0.59468615,1.23257923,0.11633555,0.03702698,0.08992854,-0.22823738,-0.22781309,0.64170039,1.10554147,0.15205118,0.04108818,-0.03558273
-1.91919279,0.00539907,0.75333291,0.01043141,0.04771169,-0.01019503,0.99875462,-0.45439374,0.10418965,0.28467029,0.14421964,0.05600200,-0.03218490,0.15314186,-0.02763157,-0.08383510,0.33558637,-0.44229177,0.07833001,0.10627384,0.00228054,0.08343073,0.09937669,0.26001886,-0.57435042,1.23054159,0.10432573,0.04153850,0.09287694,-0.26950154,-0.22519837,0.65682036,1.10998869,0.16581804,0.03442609,-0.03219740
-1.94961977,-0.00120946,0.75328338,-0.00197613,0.04407468,-0.01718830,0.99887836,-0.46522513,0.14549391,0.28076762,0.10816323,-0.00627234,-0.06355927,0.12780625,0.01601233,-0.07606465,0.31544200,-0.44339088,0.05103539,0.10767905,0.02804576,0.11206963,0.08002190,0.24748464,-0.55633926,1.22905397,0.08660583,0.04268013,0.09607530,-0.29477155,-0.22115533,0.67656642,1.10637462,0.18016964,0.03042792,-0.03521908
-1.97776568,-0.00686111,0.75460213,-0.01127649,0.03682229,-0.01960058,0.99906600,-0.46918926,0.17535257,0.26726469,0.10482234,-0.06925067,-0.10402378,0.10730832,0.04841407,-0.07838646,0.31744152,-0.43354627,0.02422741,0.10049775,0.04542142,0.13828918,0.06718117,0.23742279,-0.54128438,1.22722685,0.06919502,0.04648614,0.10074892,-0.29834977,-0.21426030,0.69203633,1.10202312,0.19708456,0.02554062,-0.04527587
-2.00306249,-0.01164842,0.75896984,-0.01010185,0.03425057,-0.01324959,0.99927443,-0.45711961,0.17685676,0.28059343,0.10445756,-0.05022039,-0.12324144,0.06759401,0.05274185,-0.09556604,0.33617613,-0.41507649,0.00766064,0.08245578,0.03977033,0.15077949,0.04665096,0.23084445,-0.53490484,1.22437108,0.04884765,0.04408920,0.11010034,-0.28860474,-0.20468320,0.69064432,1.10185933,0.21253225,0.02259738,-0.05205872
-2.02589512,-0.01591245,0.76508838,-0.00077716,0.03347163,-0.00146751,0.99943829,-0.46052739,0.16658308,0.29035056,0.19204608,-0.02817264,-0.12094881,0.02904239,0.03571182,-0.11615965,0.35116312,-0.39484021,-0.00185711,0.06047535,0.01675976,0.15259145,0.01765071,0.23050177,-0.54154110,1.21740103,0.03074570,0.04116983,0.11801770,-0.26738080,-0.19248264,0.67715007,1.12079275,0.23257057,0.02532017,-0.05986077
-2.04657221,-0.01940916,0.77089530,0.00640169,0.03009092,0.00687312,0.99950302,-0.48029995,0.16677012,0.26831827,0.37619591,-0.06135205,-0.11704280,0.00887777,0.02152726,-0.12839743,0.34277630,-0.36575997,-0.00852030,0.04325775,-0.00159606,0.15238266,-0.01041419,0.23626205,-0.55269897,1.20164216,0.02593149,0.04167189,0.12444331,-0.23900892,-0.18199781,0.66844529,1.15213561,0.24806917,0.03126952,-0.06290923
-2.06557345,-0.02191613,0.77546185,0.01066106,0.02586850,0.01068368,0.99955142,-0.46543625,0.16882086,0.24709500,0.52530706,-0.10793060,-0.12301808,-0.00285705,0.01470228,-0.13171147,0.31948996,-0.33276990,-0.01425764,0.03027148,-0.01200927,0.15042196,-0.03655931,0.24410839,-0.56266201,1.17805278,0.03172200,0.04241492,0.13122511,-0.20798294,-0.18027818,0.67067671,1.18093872,0.24988705,0.03540634,-0.05807670
-2.08404088,-0.02386088,0.77854413,0.01162190,0.02279387,0.01165988,0.99960464,-0.42918342,0.18240091,0.24032430,0.64985991,-0.16121008,-0.12831983,-0.01282424,0.01614862,-0.13093410,0.29037851,-0.29980722,-0.01982033,0.01620265,-0.01430453,0.14370997,-0.05936360,0.25139660,-0.57091725,1.14921987,0.03738086,0.03934562,0.13922687,-0.17682706,-0.18851475,0.68207055,1.20033514,0.24472618,0.03842428,-0.05100363
-2.10369802,-0.02539126,0.78017598,0.00959139,0.02061067,0.01234435,0.99966532,-0.38227615,0.20782931,0.24458200,0.76588637,-0.21707533,-0.12476490,-0.02355320,0.02417102,-0.13096431,0.26200753,-0.26894978,-0.02658909,-0.00171719,-0.01000861,0.13413365,-0.08184221,0.25820407,-0.57954866,1.11952090,0.04118393,0.03330463,0.14578640,-0.14546245,-0.20529036,0.69417483,1.20940721,0.24090776,0.03946453,-0.05020858
-2.12506104,-0.02663375,0.78042400,0.00530815,0.01917443,0.01446384,0.99969745,-0.32870182,0.23233837,0.23906937,0.87139887,-0.25983965,-0.12275072,-0.03819954,0.03581518,-0.13554190,0.23906001,-0.24092634,-0.03612528,-0.02336747,-0.00172059,0.12334599,-0.10710490,0.26521328,-0.59052479,1.09455764,0.04212642,0.02665062,0.14868560,-0.11321934,-0.22731154,0.69932353,1.21058071,0.24413151,0.03827015,-0.05510564
-2.14674306,-0.02767883,0.77981913,-0.00063595,0.01902205,0.01835421,0.99965036,-0.26804557,0.24603887,0.21559793,0.95123982,-0.28102684,-0.13515234,-0.06002969,0.04921464,-0.14530851,0.22331111,-0.21325962,-0.04861310,-0.04771140,0.00905975,0.11176789,-0.13661557,0.27155060,-0.60280192,1.07834816,0.04025583,0.02122725,0.14658257,-0.08024094,-0.25084722,0.69405890,1.20983768,0.25985843,0.03412226,-0.06187671
-2.16727757,-0.02856719,0.77908272,-0.00702750,0.02064328,0.02408135,0.99947214,-0.19818756,0.24603693,0.18145171,0.98973095,-0.28735089,-0.16060852,-0.08740000,0.06107483,-0.15901455,0.21010081,-0.18241389,-0.05998084,-0.07392438,0.02034800,0.09966510,-0.16843997,0.27490517,-0.61425728,1.07188725,0.03405072,0.01751916,0.13945845,-0.04662803,-0.27310005,0.67904592,1.21270823,0.28708068,0.02867015,-0.06750372
-2.18701935,-0.02932077,0.77871686,-0.01214424,0.02400685,0.03175512,0.99913353,-0.11918204,0.23588753,0.15009627,0.98308116,-0.28521383,-0.18911533,-0.11719760,0.06741147,-0.17461444,0.19319752,-0.14675705,-0.06630184,-0.10237852,0.02910464,0.08642477,-0.19909635,0.27361649,-0.62502295,1.07360148,0.02118010,0.01612896,0.12950459,-0.01422507,-0.29134473,0.65750027,1.21996415,0.31464684,0.02663406,-0.06998175
-2.20697260,-0.02962647,0.77858925,-0.01487948,0.02835350,0.04131880,0.99863279,-0.03485991,0.22241162,0.13058862,0.94038707,-0.27349743,-0.20916547,-0.14806084,0.06604727,-0.19061208,0.17248510,-0.10789949,-0.06761695,-0.13165458,0.03288796,0.07183129,-0.22842306,0.26713866,-0.63591605,1.07947814,0.00518241,0.01788735,0.11856768,0.01566161,-0.30289418,0.63314277,1.23001218,0.33254281,0.03134388,-0.06741747
-2.22802210,-0.02963290,0.77819097,-0.01585604,0.03347532,0.05168822,0.99797612,0.04699888,0.20447893,0.11594964,0.86961180,-0.25277960,-0.22327085,-0.18391113,0.05890733,-0.20510046,0.15445979,-0.06945638,-0.06454353,-0.15960300,0.03283060,0.05645301,-0.25825435,0.25695011,-0.64915073,1.08461499,-0.00794580,0.02046442,0.10937201,0.04135828,-0.30748636,0.61106175,1.23929191,0.33825520,0.04058005,-0.06010316
-2.25083852,-0.02965540,0.77696842,-0.01625548,0.03942097,0.06269381,0.99712145,0.11837449,0.17991814,0.09578688,0.77580553,-0.22602977,-0.23494150,-0.22763348,0.04779574,-0.21934795,0.14348765,-0.03272358,-0.05581223,-0.18540800,0.03105045,0.04235804,-0.28922713,0.24603309,-0.66924155,1.08616996,-0.01212555,0.02101029,0.10228410,0.06149379,-0.30646640,0.59205467,1.24413657,0.33588329,0.04760565,-0.05219164
-2.27611709,-0.02974847,0.77474523,-0.01633962,0.04645919,0.07462417,0.99599487,0.17322224,0.14706841,0.06353982,0.66302764,-0.19402669,-0.24377143,-0.28104144,0.03168808,-0.23458062,0.14169794,0.00238793,-0.03858489,-0.20915283,0.02812682,0.03183455,-0.32298720,0.23585093,-0.69820690,1.08375764,-0.00398366,0.01794471,0.09652771,0.07512590,-0.30155203,0.57446235,1.24447846,0.33007422,0.04873450,-0.04828037
-2.30489206,-0.02985432,0.77133429,-0.01616746,0.05331470,0.08787703,0.99457216,0.21356399,0.11438843,0.02745511,0.53905505,-0.16083096,-0.24289137,-0.34007657,0.01098186,-0.25045499,0.14812604,0.03550805,-0.00996034,-0.23082961,0.02386762,0.02908295,-0.36107191,0.22723119,-0.73158896,1.07780552,0.01381524,0.01257192,0.09401278,0.08082523,-0.29412445,0.55832571,1.24159324,0.32429078,0.04579023,-0.05055811
-2.33642435,-0.02988544,0.76601326,-0.01529833,0.05840734,0.10178678,0.99297231,0.24127260,0.09389188,0.01358319,0.41777626,-0.15673289,-0.22150253,-0.39796874,-0.01384454,-0.26509988,0.15663110,0.06559459,0.03156216,-0.24904594,0.01833422,0.03564370,-0.40267006,0.22019961,-0.76394397,1.07221735,0.03721140,0.00651951,0.09477454,0.07629570,-0.28460315,0.54322851,1.23562527,0.31933406,0.04135109,-0.05657527
-2.37028861,-0.02943822,0.75897187,-0.01025148,0.06145052,0.11561501,0.99133849,0.26145241,0.07369149,0.02976973,0.30295101,-0.19751923,-0.18299332,-0.45494545,-0.05131506,-0.27871174,0.16778515,0.08904148,0.08982665,-0.26281521,0.00569455,0.04976518,-0.44259244,0.21307105,-0.79403442,1.06727886,0.06370978,-0.00057397,0.09448642,0.06323438,-0.27226508,0.52536362,1.23019290,0.30795559,0.03826651,-0.06571517
-2.40564346,-0.02821268,0.75229478,0.00003939,0.06085460,0.12734379,0.98999000,0.27857366,0.04399237,0.05999228,0.20406072,-0.25286359,-0.15818374,-0.49355063,-0.09642081,-0.27874044,0.16095054,0.10751969,0.15391755,-0.26556286,-0.01599288,0.06955077,-0.47885424,0.20534913,-0.81502831,1.06426299,0.08702455,-0.00817342,0.09561265,0.04324579,-0.25966862,0.50934666,1.22521651,0.30218107,0.03629581,-0.07574529
-2.44044662,-0.02669690,0.74667412,0.01624430,0.05636092,0.13561861,0.98902333,0.28067449,-0.00083849,0.08406711,0.14779446,-0.30398637,-0.12859440,-0.51509970,-0.14900810,-0.27282482,0.13333543,0.11148021,0.20939305,-0.26186234,-0.04973801,0.09357113,-0.50480026,0.19750974,-0.82946718,1.06123781,0.10315144,-0.01674014,0.09704354,0.02152226,-0.24713118,0.49633881,1.21642005,0.29648137,0.03128709,-0.08744794
-2.47339559,-0.02471374,0.74209338,0.03487372,0.04840027,0.14053617,0.98827672,0.27540216,-0.05128517,0.09676470,0.12504594,-0.34649736,-0.09774325,-0.52681559,-0.20084079,-0.26147792,0.10280502,0.09261085,0.23642577,-0.25350934,-0.08741708,0.12130067,-0.51217866,0.19056785,-0.82995135,1.06275022,0.11014817,-0.02582098,0.09919126,0.00243880,-0.23574618,0.49062929,1.20547390,0.29708517,0.02579606,-0.09561859
-2.50357509,-0.02286933,0.73777080,0.05450280,0.03769677,0.14334136,0.98745209,0.27050439,-0.10351875,0.10424028,0.11671955,-0.37907732,-0.06641673,-0.53472793,-0.25329357,-0.24219662,0.08702664,0.02549052,0.24444421,-0.24172387,-0.12663744,0.14990801,-0.50231165,0.18425602,-0.82396227,1.06925595,0.10905921,-0.03352902,0.10377911,-0.01414120,-0.22659904,0.49233609,1.18793440,0.29873258,0.01926954,-0.10514236
-2.53154731,-0.02122886,0.73493534,0.07246797,0.02531688,0.14494182,0.98645800,0.26498565,-0.15174046,0.10489445,0.11543327,-0.39373747,-0.03102911,-0.53413987,-0.30359420,-0.22635992,0.08545800,-0.06105017,0.24144368,-0.22605529,-0.16242138,0.17620724,-0.47716549,0.18110926,-0.81715447,1.08447325,0.10147904,-0.03238893,0.10583975,-0.02355310,-0.21950035,0.49869314,1.17028606,0.30677053,0.01297481,-0.11424062
-2.55633521,-0.02038956,0.73687339,0.08246034,0.01860512,0.14499626,0.98581451,0.24652681,-0.18434054,0.10491046,0.11638156,-0.37705162,-0.00463856,-0.53543568,-0.33316854,-0.20588732,0.09060697,-0.10052287,0.23702574,-0.20918660,-0.18204242,0.18885297,-0.44102135,0.17890239,-0.81109619,1.11163568,0.10038200,-0.02306471,0.10453582,-0.03358010,-0.21049982,0.50589383,1.16309094,0.31284922,0.00467563,-0.11477499
-2.57751584,-0.01971451,0.74351376,0.07522199,0.01774617,0.14064419,0.98703897,0.21317406,-0.18004934,0.10775658,0.11873445,-0.35278705,0.00749804,-0.53068280,-0.30937338,-0.18373337,0.09552091,-0.08371700,0.21058574,-0.18676350,-0.16696408,0.19034311,-0.39218831,0.17828843,-0.80216795,1.15122378,0.10638608,-0.00294198,0.09813493,-0.04445988,-0.19908905,0.51430404,1.17603970,0.32020590,0.00364130,-0.10386556
-2.59495163,-0.01991801,0.75130254,0.06079841,0.01996743,0.13490835,0.98878950,0.17566258,-0.15751970,0.11126377,0.11967091,-0.32821867,0.01100248,-0.53551966,-0.26013970,-0.14622420,0.13438547,-0.06214691,0.18017232,-0.16323216,-0.14017127,0.18291393,-0.33687207,0.18205759,-0.79209274,1.19850707,0.11740469,0.02053280,0.08968826,-0.05947077,-0.18643047,0.52021974,1.20201826,0.31437913,0.00863280,-0.08013897
-2.60998106,-0.02188466,0.75844413,0.04499839,0.02408561,0.12906067,0.99032235,0.13425541,-0.12846591,0.11482275,0.12189980,-0.30636963,0.00869498,-0.56024438,-0.21276990,-0.11242411,0.23478256,-0.06627241,0.14562981,-0.14115378,-0.11610667,0.17079793,-0.27435014,0.19616826,-0.78040034,1.23935485,0.12541278,0.03615141,0.08160256,-0.07587016,-0.17369397,0.52656126,1.22104156,0.29359552,0.01622633,-0.05631622
-2.62328839,-0.02505777,0.76382381,0.03347319,0.02700087,0.12530470,0.99118572,0.09648763,-0.10437222,0.11631803,0.12708810,-0.28644168,0.00459737,-0.57271308,-0.17609681,-0.08600125,0.33328509,-0.07168590,0.13058819,-0.12405630,-0.10552154,0.16037537,-0.21055402,0.22418614,-0.77095765,1.26522303,0.12890413,0.03988317,0.08022176,-0.08919279,-0.16493462,0.53691226,1.22076011,0.27093321,0.01703529,-0.04373901
-2.63604021,-0.02892393,0.76732725,0.02681399,0.02847697,0.12309629,0.99162358,0.06473597,-0.08792058,0.11693893,0.13336681,-0.26998270,0.00082012,-0.57775444,-0.15491146,-0.06906873,0.43830743,-0.08443241,0.12088806,-0.11033583,-0.10739226,0.15361775,-0.14707096,0.26577133,-0.76428008,1.27744889,0.13077050,0.03650803,0.08797970,-0.09924968,-0.16264834,0.55352259,1.20419765,0.25597987,0.01202279,-0.04533913
-2.64887261,-0.03286222,0.76937789,0.02427690,0.02972413,0.12124269,0.99188066,0.03875090,-0.07987005,0.11999699,0.13622221,-0.25602797,-0.00384908,-0.57746512,-0.15269540,-0.06587621,0.55020446,-0.11399097,0.10579801,-0.09856871,-0.11754923,0.14856407,-0.08317728,0.31727087,-0.75578547,1.28096676,0.13629560,0.03476024,0.09814881,-0.10846009,-0.16739729,0.57251674,1.18024921,0.25029656,0.00399645,-0.05606236
-2.66132331,-0.03628316,0.77094948,0.02352083,0.03176817,0.11853033,0.99216336,0.01659331,-0.07647979,0.12590759,0.13428251,-0.24077266,-0.00871712,-0.56771934,-0.16205296,-0.07118905,0.65243065,-0.15591265,0.08618614,-0.08704402,-0.12898579,0.14268914,-0.01979362,0.37113750,-0.73681319,1.28149915,0.14785413,0.03808124,0.10595585,-0.11756738,-0.17770948,0.59264743,1.15902841,0.25124612,-0.00535587,-0.07073501
-2.67254686,-0.03866081,0.77244872,0.02233911,0.03331404,0.11407182,0.99266243,0.00017203,-0.07306576,0.13263056,0.12936883,-0.22555251,-0.01347457,-0.54194254,-0.17027676,-0.07455620,0.73016012,-0.19791941,0.07451889,-0.07330364,-0.13459544,0.13583308,0.04071399,0.41667971,-0.70578140,1.28201830,0.16244158,0.04791539,0.11020885,-0.12537655,-0.19200376,0.61568087,1.14852738,0.25600132,-0.01312520,-0.08485640
-2.68166733,-0.04008935,0.77369648,0.02135601,0.03343537,0.10792638,0.99336696,-0.00827443,-0.07061401,0.13961554,0.12303013,-0.21394788,-0.01855176,-0.50095582,-0.17394166,-0.06539690,0.78546607,-0.23758140,0.07837995,-0.05613722,-0.13489829,0.12843271,0.10003210,0.45084417,-0.65915185,1.27492535,0.17539029,0.05986734,0.11268447,-0.13077953,-0.20922567,0.63972902,1.14936972,0.25656870,-0.01626295,-0.09429289
-2.68919158,-0.04099343,0.77470064,0.02066264,0.03270928,0.10074919,0.99415934,-0.01196051,-0.06879007,0.14701205,0.11781596,-0.20677489,-0.02252110,-0.44867459,-0.17806634,-0.05346557,0.81782842,-0.27186868,0.08789575,-0.03605407,-0.13134170,0.12006082,0.15774177,0.47507840,-0.59707034,1.25236583,0.17877108,0.06475344,0.11639684,-0.13184220,-0.22646925,0.66078800,1.15940428,0.24966018,-0.01393459,-0.09571368
-2.69545889,-0.04181410,0.77558577,0.01912351,0.03238637,0.09226283,0.99502409,-0.01601281,-0.06411377,0.15743007,0.11415030,-0.20303696,-0.02461919,-0.38528869,-0.18266648,-0.04970922,0.81495297,-0.29331774,0.09620332,-0.01217446,-0.12332462,0.10865874,0.21346031,0.49003837,-0.52299231,1.21306241,0.16384938,0.05702855,0.12480272,-0.12849525,-0.24041635,0.67891514,1.17749274,0.23530835,-0.00779001,-0.08884709
-2.70063329,-0.04293009,0.77637929,0.01618226,0.03332489,0.08212555,0.99593323,-0.02325996,-0.05430002,0.17404036,0.11198720,-0.20070018,-0.02350268,-0.31199646,-0.18383548,-0.05921017,0.75640559,-0.29281506,0.10839227,0.01447255,-0.11182044,0.09489653,0.26187202,0.49302021,-0.44988057,1.16634166,0.12475838,0.04071657,0.13853133,-0.12219665,-0.24746318,0.69647688,1.19880688,0.21590103,-0.00102705,-0.07578857
-2.70511460,-0.04475361,0.77691847,0.01233551,0.03575857,0.07061423,0.99678624,-0.03257275,-0.04046819,0.19545662,0.11098661,-0.20232014,-0.02315452,-0.22974931,-0.17582494,-0.07739481,0.62085205,-0.28038126,0.12667584,0.04219425,-0.09958484,0.08016076,0.29827562,0.48355955,-0.38639376,1.12840044,0.08025698,0.02659838,0.15268566,-0.11541811,-0.24501827,0.71966976,1.21826339,0.19859104,0.00425743,-0.06301624
-2.70908976,-0.04678140,0.77712393,0.01042505,0.03874205,0.06022144,0.99737841,-0.04076443,-0.03038181,0.21515621,0.10962428,-0.20142277,-0.02412880,-0.14794357,-0.16402493,-0.10521146,0.42933983,-0.28181767,0.13672255,0.06392093,-0.09334607,0.06773679,0.31932765,0.46527988,-0.33463138,1.10424531,0.05480804,0.01745735,0.16304803,-0.11161952,-0.23556443,0.74165201,1.22958231,0.17893337,0.01080098,-0.05891748
-2.71295142,-0.04899829,0.77803916,0.00806400,0.04144232,0.04794398,0.99795735,-0.05084179,-0.01777202,0.23511982,0.11170833,-0.19952635,-0.02385230,-0.08427843,-0.14222646,-0.11303547,0.25639883,-0.25466591,0.13359058,0.08266924,-0.08702581,0.05842755,0.32796302,0.43737996,-0.29652044,1.09694147,0.03375145,0.01652622,0.17226121,-0.11114687,-0.22080155,0.76711243,1.22895384,0.15903595,0.01170808,-0.06114531
-2.71785545,-0.05110662,0.77991956,0.00149950,0.04452672,0.03403573,0.99842715,-0.06521790,0.00546021,0.25382373,0.11906505,-0.19628264,-0.02767771,-0.06321932,-0.11306749,-0.10016371,0.16006455,-0.19893697,0.12813357,0.09419538,-0.06812049,0.05302440,0.31580648,0.39303887,-0.26354292,1.10588026,0.00161666,0.02067685,0.17750365,-0.12114443,-0.20434360,0.79135752,1.22622252,0.14394967,0.00903709,-0.06173355
-2.72257280,-0.05315144,0.78128743,-0.00169580,0.04599660,0.02423134,0.99864626,-0.07438181,0.01946918,0.26682159,0.12359039,-0.19196101,-0.03022150,-0.06513319,-0.09798596,-0.08742698,0.12900952,-0.16961725,0.12593034,0.09497235,-0.05506171,0.05155221,0.28997234,0.34221965,-0.25690475,1.12444413,-0.02645224,0.02688394,0.17437360,-0.13087671,-0.18692836,0.80809206,1.21839356,0.13350219,0.00420510,-0.05764250
-2.72557354,-0.05502135,0.78192031,-0.00224729,0.04574280,0.01994505,0.99875158,-0.07755210,0.02590464,0.27454022,0.12322843,-0.18638651,-0.03454178,-0.06902277,-0.09243353,-0.08297554,0.12041961,-0.15883322,0.12374046,0.08440545,-0.04875121,0.05289850,0.24883704,0.29609454,-0.28441289,1.14754617,-0.02730964,0.03469608,0.15906012,-0.13631158,-0.16993657,0.82137650,1.20332861,0.12469009,-0.00146616,-0.05487805
-2.72695804,-0.05674770,0.78209156,-0.00209655,0.04436872,0.01955714,0.99882156,-0.07795603,0.02956640,0.27672812,0.12217643,-0.18123016,-0.04081858,-0.06937432,-0.08981149,-0.08416104,0.11701920,-0.15500918,0.11935509,0.06658572,-0.04488088,0.05535319,0.19582969,0.25859481,-0.34142792,1.16872728,-0.00017404,0.04050591,0.13635877,-0.13976295,-0.15606157,0.83060837,1.18206346,0.11808068,-0.00738822,-0.05656693
-2.72739315,-0.05848342,0.78211564,-0.00196678,0.04209274,0.02140072,0.99888259,-0.07635196,0.03218693,0.27421537,0.12151197,-0.17652608,-0.04690715,-0.06675990,-0.08787846,-0.08797316,0.11674897,-0.15394849,0.11332785,0.04654725,-0.04105692,0.05781111,0.13716987,0.23121697,-0.41756403,1.18008351,0.04098079,0.04209167,0.11573141,-0.14050667,-0.14800309,0.83585417,1.15831172,0.11614054,-0.01454433,-0.06100846
-2.72706819,-0.06032018,0.78215194,-0.00176003,0.03878693,0.02488549,0.99893606,-0.07130405,0.03355015,0.26848102,0.12022058,-0.17218177,-0.05245188,-0.06043746,-0.08696610,-0.09405944,0.11805764,-0.15434138,0.10756968,0.02702936,-0.03689284,0.06054440,0.07846542,0.21451949,-0.50161302,1.17917395,0.08972614,0.04189179,0.10023143,-0.13847862,-0.14653942,0.83640528,1.13732457,0.11960028,-0.02286157,-0.06688934
-2.72595835,-0.06204010,0.78223705,-0.00143688,0.03486242,0.02886461,0.99897414,-0.06321578,0.03397488,0.26155394,0.11843549,-0.16808340,-0.05697520,-0.05159819,-0.08690775,-0.10130779,0.11970229,-0.15515149,0.10236507,0.00938760,-0.03140024,0.06343549,0.02107300,0.20549910,-0.58024752,1.16740847,0.13988002,0.04360393,0.09083421,-0.13512361,-0.15063249,0.83331412,1.12569356,0.12684129,-0.02820908,-0.07231443
-2.72433662,-0.06352595,0.78228337,-0.00096983,0.03100822,0.03235610,0.99899483,-0.05435911,0.03386848,0.25554579,0.11692322,-0.16527972,-0.06044791,-0.04190325,-0.08739939,-0.10787627,0.12104663,-0.15704682,0.09854752,-0.00475619,-0.02475253,0.06609377,-0.03093550,0.20145169,-0.64018005,1.14712274,0.18221712,0.04814852,0.08746019,-0.13297120,-0.15868148,0.82673544,1.12540817,0.13464810,-0.02827122,-0.07698093
-2.72276020,-0.06477507,0.78230888,-0.00046452,0.02739275,0.03519633,0.99900484,-0.04580009,0.03357118,0.25051272,0.11601411,-0.16321446,-0.06257715,-0.03228142,-0.08799892,-0.11351644,0.12223489,-0.15974958,0.09539742,-0.01555862,-0.01720368,0.06873432,-0.07545049,0.20109515,-0.67913240,1.11896980,0.21437709,0.05283217,0.08728512,-0.13246371,-0.16977091,0.81554461,1.13349581,0.14310071,-0.02468051,-0.08210460
-2.72161674,-0.06587928,0.78231871,-0.00000057,0.02436319,0.03712882,0.99901348,-0.03850758,0.03343487,0.24693066,0.11566934,-0.16199255,-0.06331573,-0.02399691,-0.08823480,-0.11776248,0.12301606,-0.16289723,0.09295499,-0.02308274,-0.00981194,0.07109539,-0.11128319,0.20366345,-0.69802427,1.08470416,0.23389088,0.05502117,0.09035139,-0.13251625,-0.18248539,0.79988474,1.14510131,0.15310641,-0.01857381,-0.08793595
-2.72103286,-0.06714251,0.78234184,0.00028534,0.02210793,0.03792649,0.99903589,-0.03306120,0.03406367,0.24493679,0.11571386,-0.16148432,-0.06364940,-0.01815530,-0.08764328,-0.12037133,0.12337899,-0.16561978,0.09092700,-0.02816773,-0.00332688,0.07331978,-0.13810788,0.20825908,-0.69888222,1.04692101,0.23722568,0.05313691,0.09772354,-0.13294807,-0.19491084,0.78043932,1.15643835,0.16504237,-0.01180752,-0.09355526
-2.72072315,-0.06857552,0.78240311,0.00028939,0.02052697,0.03772745,0.99907720,-0.02925560,0.03598068,0.24444798,0.11601481,-0.16149418,-0.06433891,-0.01435981,-0.08593329,-0.12186318,0.12333018,-0.16730775,0.08908495,-0.03156770,0.00217644,0.07587992,-0.15814422,0.21471161,-0.68633497,1.00875962,0.22378799,0.04695056,0.11001461,-0.13352129,-0.20578767,0.75725555,1.16705477,0.17888184,-0.00525649,-0.09874654
-2.72033715,-0.07012092,0.78245735,0.00008818,0.01930802,0.03666148,0.99914122,-0.02622798,0.03910510,0.24555999,0.11653806,-0.16168903,-0.06547385,-0.01204754,-0.08331652,-0.12204642,0.12343919,-0.16849336,0.08701847,-0.03406099,0.00625842,0.07929783,-0.17317927,0.22279911,-0.66920209,0.97752607,0.19951539,0.03838714,0.12437307,-0.13462111,-0.21363510,0.73281443,1.17686987,0.19421285,0.00126595,-0.10425378
-2.71970534,-0.07173501,0.78250474,-0.00014739,0.01834761,0.03495631,0.99922043,-0.02349960,0.04279745,0.24819614,0.11700800,-0.16176094,-0.06677414,-0.01060028,-0.08013157,-0.12074209,0.12366831,-0.16956832,0.08491751,-0.03625523,0.00858821,0.08302341,-0.18444663,0.23198305,-0.65412283,0.95736575,0.17517975,0.03169174,0.13653477,-0.13589881,-0.21820396,0.71015978,1.18527782,0.20841968,0.00775608,-0.10877185
-2.71892738,-0.07324132,0.78255051,-0.00036770,0.01764728,0.03291025,0.99930239,-0.02081078,0.04663737,0.25172049,0.11736547,-0.16189550,-0.06815161,-0.00988509,-0.07663194,-0.11813861,0.12420105,-0.17057975,0.08269600,-0.03859923,0.00928776,0.08629259,-0.19156796,0.24180865,-0.64300513,0.94921237,0.15762976,0.02796398,0.14397615,-0.13645288,-0.21939237,0.69107980,1.19167733,0.21953358,0.01355710,-0.11179177
-2.71823192,-0.07457874,0.78258073,-0.00056437,0.01709309,0.03085798,0.99937743,-0.01799631,0.05020070,0.25514203,0.11739672,-0.16230623,-0.06980451,-0.00933347,-0.07315385,-0.11505847,0.12471443,-0.17149271,0.08022706,-0.04108527,0.00878922,0.08862385,-0.19396615,0.25132838,-0.63565278,0.95215559,0.14534199,0.02682725,0.14663859,-0.13550262,-0.21765316,0.67589575,1.19577968,0.22769082,0.01785606,-0.11353250
-2.71736550,-0.07580473,0.78260297,-0.00068958,0.01647146,0.02880387,0.99944913,-0.01449485,0.05348634,0.25843388,0.11719285,-0.16330068,-0.07183150,-0.00818487,-0.06986376,-0.11224239,0.12527648,-0.17267330,0.07792188,-0.04397705,0.00714356,0.09008857,-0.19202209,0.26043296,-0.63082170,0.96487278,0.13429381,0.02757867,0.14700094,-0.13275498,-0.21341234,0.66311872,1.19814563,0.23438700,0.02085561,-0.11455152
-2.71620965,-0.07694485,0.78259641,-0.00077562,0.01580071,0.02677650,0.99951631,-0.01007834,0.05642075,0.26155651,0.11677786,-0.16491751,-0.07406957,-0.00647273,-0.06681231,-0.10984007,0.12606573,-0.17391853,0.07581242,-0.04739333,0.00466446,0.09044620,-0.18533397,0.26871717,-0.62884396,0.98676676,0.12276565,0.02985406,0.14541756,-0.12752379,-0.20701219,0.65165776,1.19956267,0.24221720,0.02292865,-0.11575371
-2.71459270,-0.07801252,0.78254724,-0.00082621,0.01505534,0.02479111,0.99957895,-0.00494967,0.05913075,0.26493025,0.11634465,-0.16699281,-0.07616488,-0.00418602,-0.06401896,-0.10744568,0.12708032,-0.17528811,0.07398536,-0.05078365,0.00173454,0.08962729,-0.17393759,0.27526093,-0.62964898,1.01481366,0.10881393,0.03362188,0.14255175,-0.12004173,-0.19937369,0.64184058,1.20100224,0.25227445,0.02425492,-0.11691191
-2.71225524,-0.07893819,0.78243959,-0.00087112,0.01426418,0.02277743,0.99963844,0.00069106,0.06170700,0.26862031,0.11596914,-0.16937405,-0.07810671,-0.00154279,-0.06127513,-0.10460388,0.12872310,-0.17721227,0.07205429,-0.05389360,-0.00124469,0.08748335,-0.15757018,0.27978954,-0.63398039,1.04736376,0.09356618,0.03889085,0.13786386,-0.11014514,-0.19120362,0.63443226,1.20368409,0.26431537,0.02551070,-0.11801381
-2.70927405,-0.07966180,0.78230417,-0.00085285,0.01350443,0.02069138,0.99969435,0.00674131,0.06392709,0.27254629,0.11578050,-0.17208669,-0.07944862,0.00132463,-0.05888966,-0.10140307,0.13063172,-0.17946193,0.07018065,-0.05650334,-0.00406313,0.08418467,-0.13679206,0.28209662,-0.64213449,1.08166742,0.07912870,0.04573504,0.13059667,-0.09833504,-0.18314040,0.63004529,1.20868635,0.27867511,0.02747170,-0.11858121
-2.70624256,-0.08020569,0.78218478,-0.00078098,0.01288697,0.01872380,0.99974132,0.01255305,0.06566273,0.27607468,0.11583068,-0.17489026,-0.07995978,0.00418919,-0.05696045,-0.09836195,0.13259572,-0.18199490,0.06829699,-0.05823459,-0.00630495,0.07982216,-0.11305921,0.28203267,-0.65414649,1.11406827,0.06891397,0.05386563,0.11981285,-0.08552741,-0.17623855,0.62861651,1.21680617,0.29292697,0.03056764,-0.11806703
-2.70358086,-0.08064418,0.78210616,-0.00063222,0.01249609,0.01690006,0.99977893,0.01789747,0.06660737,0.27879480,0.11596452,-0.17760693,-0.07963953,0.00700869,-0.05549931,-0.09538721,0.13430066,-0.18471073,0.06657204,-0.05898965,-0.00782810,0.07472854,-0.08714633,0.27944127,-0.66990250,1.14212060,0.06529792,0.06241690,0.10561203,-0.07268769,-0.17115493,0.63053679,1.22792077,0.30341411,0.03450771,-0.11536639
-2.70132828,-0.08114883,0.78204232,-0.00043360,0.01237515,0.01501479,0.99981064,0.02261875,0.06701186,0.28130063,0.11602017,-0.18024170,-0.07905193,0.00924646,-0.05442594,-0.09251982,0.13599099,-0.18749820,0.06492260,-0.05841636,-0.00849216,0.06915346,-0.05960646,0.27446064,-0.68789172,1.16484821,0.06719331,0.07049854,0.08829271,-0.06019944,-0.16856502,0.63433033,1.24041462,0.30950946,0.03883448,-0.11097333
-2.69937229,-0.08175771,0.78199738,-0.00026556,0.01252287,0.01312172,0.99983543,0.02667060,0.06715815,0.28385270,0.11583749,-0.18253437,-0.07852617,0.01036887,-0.05341147,-0.08950982,0.13819732,-0.19002934,0.06311233,-0.05649818,-0.00817813,0.06383692,-0.03219268,0.26743239,-0.70624787,1.18157005,0.07380129,0.07678618,0.07006445,-0.04882838,-0.16855489,0.64002907,1.25259995,0.31124327,0.04380671,-0.10599488
-2.69724560,-0.08205713,0.78195024,-0.00004224,0.01285354,0.01160847,0.99985003,0.02999908,0.06747766,0.28707543,0.11561848,-0.18420251,-0.07831464,0.01112371,-0.05271477,-0.08701262,0.14028335,-0.19203775,0.06146664,-0.05379435,-0.00751124,0.05905129,-0.00630756,0.25842410,-0.72265613,1.19460225,0.08139279,0.08038730,0.05483291,-0.03800140,-0.17018381,0.64674687,1.26249695,0.31230634,0.04830903,-0.10129603
-2.69491959,-0.08202937,0.78196710,0.00018886,0.01348964,0.01028569,0.99985611,0.03220181,0.06828223,0.29086861,0.11542600,-0.18559718,-0.07846991,0.01128679,-0.05199672,-0.08434835,0.14191647,-0.19296558,0.06049113,-0.05058128,-0.00680113,0.05459566,0.01756298,0.24845377,-0.73240513,1.20402336,0.08456625,0.08234657,0.04585313,-0.02660290,-0.17266873,0.65385002,1.26916599,0.31536999,0.05159270,-0.09704232
